{
  "posts": [
    {
      "id": 3,
      "image": "../assets/titanic.jpg",
      "name": "TiTanic",
      "year": "2019",
      "director": "KateWinslet",
      "genre": "Great"
    },
    {
      "id": 7,
      "image": "../assets/Krish.jpg",
      "name": "Krish",
      "year": "2013",
      "director": "Rakesh Roshan",
      "genre": "Science Fiction"
    },
    {
      "id": 8,
      "image": "../assets/alice.jpg",
      "name": "Alice in the WonderLand",
      "year": "2010",
      "director": "Tim Burton",
      "genre": "Fantasty"
    },
    {
      "id": 9,
      "image": "../assets/wonder.jpg",
      "name": "Wonder Women",
      "year": "2020",
      "director": "Patty Jenkics",
      "genre": "Film Series"
    },
    {
      "id": 10,
      "image": "../assets/logo.jpg",
      "name": "Harry Potter and the Philosopher Stone",
      "year": "2004",
      "director": "Alfonso Cuarón",
      "genre": "Adventure "
    }
  ],
  "comments": [],
  "profile": {
    "name": "typicode"
  }
}